PC1,PC2,PC3,PC4,PC5,PC6,PC7,PC8,PC9,PC10,PC11,target
0.02739596563712282,2.5663303064827754,-3.3191223132670413,0.7247085174721858,-0.9469336911703506,1.3118220249697579,0.022947212233599187,0.5971625485084855,0.16340364292189455,-0.3455390884027361,-0.10964874707343233,1
-0.5889883123213246,-0.552180382011153,-1.8660497741474187,2.0836476249766567,-2.1895723832526626,-1.268255544464618,-1.777952214702417,0.9918854695007991,0.3010447178812634,-0.6021200223902381,-0.023518391710259212,1
-2.1695522598218537,0.001147221727274667,0.3232180265215945,0.2110390202066005,-1.2238645325712538,-0.037207605401050864,-0.4508173807558135,-1.2951173254485464,-1.0641345189230715,-0.1789909059216592,0.4562431282297234,1
-1.7683285864343208,-0.6758448848881508,0.04514291262043009,0.0014982291814909536,0.363558936671814,-0.43317849988656854,0.25024378507022954,0.49441938980764016,0.6760467648364,-0.8022444040566575,0.7989791397596467,1
-0.8681988320242958,0.5674692563464047,2.850503807476065,0.1790472201727762,0.3155993821597757,0.6816204078816716,-1.499639650376507,0.22967981342234936,1.0774707200241913,0.10035105608098627,0.782479285225834,1
-1.0902304960948093,-0.33993749547081936,-0.4054665316862006,1.038035057867433,0.5042322596560949,0.36862055930789395,0.3418375288669772,-1.0192043366085235,0.7496781416367336,-1.7635642637332347,-0.6940958588000973,1
-0.7274159955682666,1.803419302477609,0.7768727304924172,0.708335283427701,-1.2501983143230384,0.13030275491711907,-0.10708906145796253,-0.4608051891559398,-0.44893177590021804,-0.42703417514850867,-0.25974729091957716,1
-1.9128528584124116,-1.2151869653006604,0.35097641322318296,-0.4960045666091082,0.14195767967009065,-0.6295862966715423,-0.35237174879189903,0.735470149045761,0.37797751601890567,-0.24004890386224537,-0.2994730818806734,1
-1.1254699518354443,1.10210180697801,-2.561088640332649,-1.1308735128027985,2.051652454161414,-0.5304150461496191,-0.9117146525670111,-0.5275511498717739,0.1661973972360093,-0.17148746464908912,-0.46246245530775615,1
-1.0421467417508656,-0.2530855142485884,-1.526397265224647,0.21737084690291977,0.8835161684848793,-1.6245283569601328,0.506073747412185,-0.6503353672557874,0.4385756890726804,-0.15986364328714547,0.9333256725855287,1
-1.843201021193144,-0.1242005839088611,0.20027087577639208,0.3994030405958435,0.3594776328069229,-0.015155250506010904,-0.1506798849825046,-0.6961713539047565,1.4257750500133854,-1.9339138689705613,-0.03557420364521457,1
-1.8805471673449563,0.5397212386678807,1.0586251426445061,0.8519848374621157,0.5596765288588602,-0.23243998069753052,-0.08797949832076321,0.17831268323411464,-0.13629005713897435,0.9145177062399111,-0.771318680399674,1
-1.7427324391703565,-0.541572881859628,0.22145576469339445,-0.22587827892812432,0.1827476697035045,-0.7265373239872396,-0.25742390357611955,0.43838668343564907,0.8375739959470061,-0.6068587836841465,-0.09311083319172746,1
-0.17193413593106763,0.18472717129022734,-1.0589544111329363,0.9594946586636234,-1.3313246060202597,1.5710866237019447,1.2400081276329973,-0.0797743790095222,1.388801364277582,1.3239769634856733,1.3149830719300175,1
-1.6246858762450653,3.150155763662908,-1.0774353994490986,-0.8692036145511304,0.3094871181455104,0.6082457665255283,-0.5697020518996436,0.20304978534106674,-0.6922065566565273,0.8415396256144685,0.4136205501078435,1
-1.3823907776707514,0.15976729831421416,-0.1713514582618055,2.119834854703552,-0.22247683972385787,-0.06942050493044773,-0.35280947571168364,0.1673758681586343,-0.7823279901959573,0.35537739000833457,0.30797772021431474,1
-2.240067400365732,1.222606306612918,1.6969989285871194,0.33414194130711294,0.37510394346724274,-0.4445412649975151,-0.24558763560220312,1.2696035274162598,0.13896233274734457,0.6174400321275386,0.3734420883896871,1
0.46726744938794446,2.330404570580106,-1.0730244588922115,3.6183079101249134,0.031356132364793655,-0.10261749563859969,0.7172678689232935,-0.24342588755976957,0.08787768239507662,0.5347345171885677,-0.589028857352334,1
-1.5656504603939323,-0.5306907473655186,-0.05537265114045065,-0.04878549460795503,0.016123756716441947,-1.007425211124337,-1.0813207160245741,-0.7208914989066559,0.9899898486144953,-1.6281606756353704,-0.3573645183813758,1
-1.6959737662766032,2.0476534325921474,-0.0048406033699343685,1.736454450897111,0.8864169946001266,-0.4490208991918297,0.9131201872274695,-0.15058852315825794,0.5887559119495425,0.5714836716659001,1.1539488054234683,1
-0.3797787771720166,-0.34938717611668185,-0.0061374853582340065,0.4294673066376586,0.4571194232041043,-0.3500385203126214,0.16369462751425828,-0.036060343445426885,0.38146284426846216,-1.464013234485925,-0.27727753673673194,1
-2.4590137065586646,-0.8679638939499159,-0.29596431105313503,0.09760346021621383,-0.16622276283148268,0.2931537234751603,-1.144271979088181,-0.722089484777724,2.046258913987336,0.7732332822072,0.5293686841140277,1
-2.3936006042950777,-1.072697133855898,0.1078680495346077,-0.3901372876056371,0.26575732099932176,-0.5499960058729505,-0.839986644521528,-0.8022102608832454,0.6646428329605836,-1.3747251991875025,-0.529573426294506,1
0.1596899708354531,1.407496521427058,-1.8680511751145046,0.19620703028293546,1.3233098497734919,1.6748122379509216,-1.1278224640087227,-0.12399546893434946,1.5969742581508672,0.39578217861092935,-0.17550262053015325,1
-1.9206605650986621,-0.9480262905891249,-1.3780717537122802,0.3428086210507964,-0.23867140575216583,-0.5746422937058532,-1.1920388527527446,-0.882861226063686,1.7099557968301875,1.5607025808177097,0.7382998436022757,1
-0.8500091228020447,2.3294333394049564,1.4211527655517633,0.17427330537846691,1.4826262240381003,-1.2742804411782676,0.2107099338790188,-0.3797208050956062,0.388665818311159,-0.3910922230958003,0.36969335617228094,1
-1.1699926653572221,1.226666891078488,-2.297076337596911,-0.3306105573627415,1.6695783962026678,0.40216973507013987,-0.470387492144522,0.21806402595062882,0.5754249361837174,-0.6333515991352624,0.43396118359140023,1
-1.4365773044519292,-1.4069164325451367,-0.626993247550596,0.9232379025404939,0.7951983419213976,0.6400010063625249,1.4310768247354186,0.23442911966796812,0.37712951491763436,0.41120699147999595,-0.3736582597339841,1
-1.2381913951656764,4.097021791483463,0.9169146431016917,-1.3236910772312214,-0.024421323518064288,1.0269045360979843,-0.8049344441967985,1.6574279723480172,0.18463532151001488,0.08671441687782501,0.05446132355268687,1
-0.20923250270518998,0.9490646644750622,-3.03813370919679,0.25718869493588803,-0.8203294134252019,1.756154231913497,-0.28231361601085325,0.3979188186407726,-0.8623643293530215,-0.45189013617926455,-0.5242708829970065,1
-2.2754052447277116,-1.4886647909655126,0.8302910314963217,0.6048523642301007,0.4431514240243925,0.014695891182993491,-0.4465098958431003,0.03609364793011477,-1.5255153967987065,0.4638231882234229,0.2967508479548754,1
-0.8025425796902562,-0.9741368319423901,0.1645249297726154,0.341316052082479,1.487722177847486,0.5404347973317615,1.4832207829480504,-0.3978170681655885,0.3912209140082153,-1.3348071485079729,0.4230276456632699,1
-2.2452368838691896,-0.7832212639017857,-0.3911144258753584,-1.3345419291195657,-0.989775015542662,-0.3774764726164239,0.04945985471476151,-0.6388208658680812,-0.13544711286630465,-0.4462028038618542,0.19265130595665922,1
-0.4346419574822025,0.6298040654079265,-0.7446276007013878,0.678354264958712,-1.9800260141256034,0.4050126276646781,0.6640726534489877,0.6427300695611551,0.21597321244160222,-0.030238870994563863,-1.086971348190594,1
-0.3707492990187445,-0.3160555537633052,-0.7319339433293155,-0.032000874967011546,-0.8097280990286727,0.9527846565939175,0.9659623715466537,-0.6672431920573841,1.4179663346531104,1.99557879001547,0.2543737150212421,1
0.20097236389912132,0.3763682741244517,-0.9322380871116078,1.5294453038390217,-1.7204750086389948,0.45604515938337437,-0.9872687792914701,-1.918511315678728,-0.7910802289141963,1.4349229390466367,0.1324345061161278,1
-2.001387226373989,1.8974454706054567,-0.11341098658159414,-0.5887796719076702,1.514266006172726,0.5054549484810796,-1.482189300168071,1.1325931024426168,-0.7140444333977262,0.44268888780389115,0.10012345778847802,1
-1.606004165309621,0.8642883942061694,-0.9960587166379725,-0.3975825890478193,-0.9318046511584924,-0.5558454852260648,0.6438556114644218,-0.8880437309183336,0.9693634221244869,-0.387794754555744,0.30481091172843444,1
-1.140115426648977,1.9824427174621477,0.6747092717903422,0.8051098117493571,1.2543045255011542,-0.9959122290597218,0.4197481385853698,-0.4415171750143346,0.3291359458116463,0.36027790042051777,0.1373153135915611,1
-0.7769560854917708,3.2189224243313412,1.3468784857349856,-0.5343736347423587,-0.32224453113096924,-0.9453454861039137,0.4383498216644504,-0.11107604386512472,0.40134833488066995,0.4659056175253113,-0.16219184541396564,1
-1.4906836353939619,1.833295117491924,0.8614009134307072,0.30953698374993105,-1.0319240077736203,-0.027095076913918433,0.09802113482370778,-0.30325853597434405,0.05091123847431053,0.4636911145120647,-0.2891150598357027,1
-1.352764714538279,-0.21909871152811328,-0.4472441745884631,-0.5670897027755799,-1.5062050536886764,-0.1714043799830923,0.03775575360775759,-0.17412947143230048,-0.09043792557866429,-0.6092983045597217,-0.3215652673804688,1
0.0737135576475889,-1.484333752321433,-0.2139718284346531,0.9611560514331242,-2.2286932082726882,1.9949107768199734,-0.6073682975356062,-0.7673448804156633,0.9006466100974475,-0.8046456734344783,0.893437250267555,1
-0.3851724897494864,0.7406183719121839,1.3152817585432366,0.36807895784489925,-0.8785149568840858,0.5356633987672857,0.13343691408842182,-0.6394746185460389,-1.142623843438337,-0.6006369657801882,-0.7341555562012807,1
-2.1810951258783824,0.22413176927950224,-0.00020543469902951046,-1.6642934809669605,-1.5030323402798584,-1.0418314759093965,-0.5482886228549948,0.3667157278344007,0.5371362121189539,0.4354058959473821,-0.7624284678766671,1
-1.6640960763087829,-0.28804645547059127,0.9559919718859557,-0.5586113562504976,0.10173432226870853,-0.5947810815615993,-0.2330736440180224,1.4083711500569578,0.9785691476129237,-0.45843800839264665,-0.1296725377324288,1
-2.596223364628668,-0.012283613315974797,-0.6830447004718335,-1.0762398380497222,-1.1089128354942865,-0.4927586219509767,0.17266622882952007,-0.6853569360378439,0.4742655882923249,0.10424400392188847,-0.253678508774854,1
-1.8484852837976093,0.17572733115258687,-0.3185683766923314,-1.005439932740527,-0.843331622186252,-0.2599612847596427,0.6505054137481672,-0.3127197523621615,0.551552613530758,0.3436265202582632,-0.736120341523051,1
-1.6959701336182331,0.8438937432710047,0.6397892074709447,0.571086362667602,-0.13073078811090594,1.092851593687724,1.442977498899233,-1.066082277120955,-0.5525876965338612,0.9095375298638897,-0.8286918522662189,1
-1.8944243558367515,0.7407622372941002,1.2855711324130745,-0.31245283407892976,-0.3180311675040043,0.4324338616800817,0.14944498067387366,-1.5928990555473197,-0.713758470218573,-0.8391281987638076,-0.04122981326165712,1
-1.119787439695585,0.7642885488095521,0.7140750178840732,-0.2630767668286667,-0.47063085000503146,-0.31908656097881627,0.6007731615677703,-0.217502882416144,-1.0803165411244553,1.1077890439423195,-0.039159420461649164,1
0.4040127544248054,0.4541058550966951,0.8906290317756144,-0.6453128371925958,-0.7843831246894432,0.38502584550678315,1.1614263816176342,0.7926508528302467,0.1366528491461186,-1.1880036766637454,-0.1572337155458192,1
-0.3044514290372444,0.28352859787106277,-0.8960789215716101,1.4169048893524956,0.10391924468773309,-0.34266551715546584,0.8499022205032705,0.6229235687443394,0.8621376461834702,-0.3178642922785684,0.11760221709170782,1
-1.606278245656893,-1.3836288032890045,-0.6396018334456718,1.6378002665702176,0.06788666201052633,-0.31224412502691207,-0.21774277769434355,-0.07311090912395563,-2.0808182779730475,0.9359437110090675,0.636738521207175,1
-1.969375045786822,1.648401456123473,0.7499414757774117,-0.3122038768067211,-0.23628933888100914,-0.18127905606269978,0.9146137087146293,-0.5895365974329433,-0.5058353601142745,0.5002582093611679,0.8044201924111103,1
-1.591944127052662,-0.7092972576745463,-0.356150992682183,0.26645398790198893,0.6010792358186625,-0.4076264283930259,0.36268095757572555,-0.4126880200179699,0.7297394045769143,-0.7284499475386091,0.0019875904180283797,1
-2.3488075362300673,-0.845748374318884,0.2472265702031341,-1.1777764509222843,-0.9907569741912869,0.3378475895047452,0.16162609637573846,-0.7378530761714511,0.09264197563154561,-1.3836511411929693,0.36400482746479035,1
-2.16405648650437,-0.97488193528408,0.6516558300945656,-1.3859757100366226,-1.2404713345748017,0.27081475670229493,-0.08909096463000445,-0.044896939008945896,0.020033532794653707,-1.1597047450958173,0.16661691323608044,1
-3.4986277312494614,-1.1592318213921557,-1.4197071918996895,-0.4189195024443294,-1.5404788494110606,0.24214321083028315,0.35113788204254887,-0.5198900810561946,0.036704688918990744,0.9773212197860568,-0.2641490192844169,1
-1.4772550047661634,1.1068050855202074,2.0921343396876972,-0.5956151148694263,-0.46917294338439164,0.4265160802359477,0.1820730459589164,-0.4159903092734864,-0.5275842622412198,-0.703859815747178,0.019436664258542628,1
-1.3111174735716464,2.3811454563468386,0.1730073922567071,-0.48039040745254225,0.9925846963616399,2.712769882848498,1.1288778888610014,0.9035310041690354,-0.9223632413075877,0.3934990111957296,0.5715664480265269,1
-2.3479408197273446,-0.3286631299149139,1.0930342783153595,0.10741589735543848,0.06510876291105734,0.6256641796329476,0.289555255928354,1.2413733794138255,1.403980298335633,-0.7113150680666419,-0.29697014517784837,1
-1.896332817480285,-0.4114700447490068,-1.6048821935594408,-0.22680923249622806,-1.3634696479159556,-0.3128160662092411,0.984830987287827,0.18650667088180664,-0.4775918799664528,0.8513491611244199,0.5852393511059343,1
-1.6370847891988487,-0.9435796376504307,-0.6609344033963052,1.1547042844927347,-0.021001704277227917,0.47861390141639626,-0.07375047539572177,-0.6930077619986824,0.6243403080845058,-0.5673084623891418,-1.9473467060451917,1
-2.198653614481101,1.4202456690153795,-1.9160114909874142,-1.5020026222497112,0.4459756684535726,1.491536810640983,0.2407317278368284,-0.2939387624805675,0.21825957445498675,-0.45464164152746517,0.18233242038568845,1
-1.8420938474261774,-1.1546875905587062,0.31180585411349077,0.5705534689856415,0.18705625738191065,-1.0752121010649143,-1.6796845060436978,-1.3130040113661432,-1.3532313029476786,-0.6889197509644757,0.3253482938478302,1
-0.41563563269375287,-1.4592923908463773,-0.42427761386619395,1.381003474291168,-0.3419083963372172,1.3286171692197006,-0.11791692849215563,0.5604042378034575,1.1898307435375763,1.0744223197973857,0.47255901600039857,1
-0.9668723734086102,0.19909858095795924,0.319246969738849,0.1347001789400994,-1.293112989503663,-0.4058973302250238,-0.48263561396615556,-0.5483980095227161,-1.7471680133628567,0.18090467374082406,-0.05004308354120712,1
-2.200777648608603,-1.468388760629784,-0.13512626536574038,-0.17924663698640583,0.32468494072332754,-0.27233979800739333,-0.1537023337946398,0.1446488849161501,0.2570302321948417,-0.3706799390933232,-0.1625918335702504,1
-0.9008857052655082,-0.22409595503175253,1.3881410002477164,0.24798413352218035,1.5254524755923675,-0.3477587239856148,0.4272361802506032,-0.38442479426019405,-1.1811321101680383,-0.49786070991368053,0.8105609251786171,1
-0.9683984591694216,0.2287659090358691,-0.41175278007182964,0.08103545657338915,-1.343074428922967,0.506945277011157,1.1046276726756736,0.47922854204332876,0.31258888046470273,0.1629402734114462,-0.6362215388036309,1
-1.4768346204472058,-1.8309560129996474,0.28250207730453497,0.17694780408605915,0.34290626912686084,1.2484652934507192,0.15973043875486037,0.6078419908780197,1.2284557694338247,1.4258297452901456,0.8314733561601093,1
-3.159117021140341,-1.5443869162973762,-0.7315232297105976,-1.3558105428093281,-1.66609937830467,-0.5183873923770123,-0.9709534250485454,-0.9861861914529012,-0.3486903622744866,-0.4015773272054047,-0.1626941784419923,1
-1.019499376608958,-0.365426115007172,0.7877377865179492,-1.7819989187476333,-0.8262723255313223,0.20803852598144684,-0.7652674315919764,-1.3787940192552863,1.2879033560971687,-0.3257450554261706,0.6425561494150013,1
-1.5402336137957675,-0.4786176625608788,-0.05972932315217222,1.3054172097484338,0.011222914334821858,-0.5213465802449,-0.593916808240757,0.12323684099633933,-1.4295327944467282,0.9849752098217742,-0.349280875727863,1
-0.8718400989182805,1.2797740042530648,0.4702014346332407,0.8246087086167929,-1.274059043975765,0.11607301146002617,0.014109608163432538,-0.7005583072629787,-0.7880566057732455,-0.4331779284715884,0.15708941902309287,1
-0.27080624753515364,0.9141083766112051,-2.3527949928751895,-0.5241257812539725,-0.9682433567420932,0.9828252334311249,-0.6703968222613726,1.1959541931980848,-0.5510617697688746,-0.41259139115692334,0.46746858079505876,1
-0.9515464996373193,-0.48621119147271724,0.10846900102659958,-0.3302504983403287,1.0569671928967195,0.16046957521366922,-0.20013252772124523,-1.0814707903058403,1.7470885010448725,0.2653911654534363,0.6847548069086926,1
-2.4327131540488884,-0.031373168290479876,-1.5070076240138908,-0.9898622505221677,1.4092144559595383,0.9971599969516537,-0.9894653439690345,0.3820171947815854,0.01251057672899105,-1.0690669959541828,0.48266014172778443,1
-0.8471432147539637,-0.2632542079699446,-0.183849810069292,0.3466421358437114,-1.488954054141736,1.892880997583632,0.60628221623886,-0.07346822071152334,1.3179282993088541,0.8256411618373186,0.7236504003553333,1
-2.818255383363881,-1.2803520050389847,-0.10599641312698348,-0.11464311951602678,-0.2503863660963034,-0.3912653416839338,-0.29743459977123454,0.9145403576780383,0.5473552759001734,0.31072065890801637,-0.11899806628066491,1
-1.9834623387290926,-0.0018065470120372888,0.6425150127337184,-1.3673100781764176,-1.304324160258234,-0.1202217670543586,-0.018971378722947234,0.2800053140779691,0.6346819615801523,-0.39656671514885933,-0.6088390007239303,1
-2.6291956325914954,0.8694237310490577,1.8338175711462674,0.9241445052009382,0.3053398625164529,0.6057152799491837,0.3265056612963171,1.400815035188049,0.2507850410431567,0.4955005255423549,0.5138634655728368,1
-1.5549963861154943,1.9931859665604725,-2.433331868890758,-0.1131857516260097,0.35064100656773417,-0.05001300204040652,-1.641732901413493,1.3315784885555644,0.8237524230345272,-0.0341895478034605,-0.36405768091256735,1
-0.5796572796367616,-0.485131876612486,1.513456646633503,0.863328159483029,-1.3959329499452124,1.5986998129143826,0.04746438395065149,0.07222439601570804,-1.5266545903792004,-0.24019837971765778,-1.218630538587962,1
-0.7871362253258468,4.141237113413913,3.2690832069885096,0.2557122101951888,-2.5503921987841007,0.2377841765088231,-0.5092180218776072,3.4213803883738287,1.4071498352492369,0.039719349148271986,-0.21017246050888655,1
-1.3525734068065238,0.5330623987981981,0.2695687455625384,0.5063254234783261,0.6193583714739949,0.024594461304556448,1.3298312268554167,1.1984972583820204,1.4936366432546577,-0.2626240937444671,0.6643895973644186,1
-2.390798602332347,-1.0516608944864887,-1.1511389256831357,-0.4555353486494785,1.1657737755792328,2.14722714506424,-0.5666398582837979,1.0204945617206207,-0.26497213600172204,-0.6946769076237488,-0.034371073307253676,1
-1.0143644429945609,-0.050967073663577965,0.03007140520634737,2.0735938540164938,-0.09929047824226574,-0.02118571578809907,0.0686783011172527,0.6099660903715303,-1.0277820896574588,0.4936735129958752,0.6814967982794464,1
-0.12899977761269713,0.1735293373313282,1.5089479923729736,1.1664467212721676,-0.9056808609690834,1.8069996482826156,1.0224026334823426,0.09159944363519731,-1.270382160753687,-0.6315434526125862,-0.2035292330963739,1
-2.891939947344286,0.40396473595389515,-1.430311283766614,-0.7789693000863457,0.9383104904884374,1.1718395495483707,-1.125829164159765,1.097368808375964,0.5254728558748274,-0.34938067265989015,-0.059168611097691386,1
-0.5495596068515983,-1.25850989085673,0.5270728032162788,-0.5768922051505911,1.0744907838513624,0.20552491427588132,-0.35759603307229576,-1.066356291642364,1.228433186978794,-0.22320088990578585,0.8331941797429421,1
-2.3399935317643346,-0.20999556927145815,-0.5250184066251158,-0.005524961596062312,0.5484343818223251,-0.6900269851638461,0.330921139012059,-0.17071720906587215,0.9848882980254557,-0.010524027911827452,-0.1471267970375986,1
-1.1613077362475852,1.7447672468681539,0.5542437075122478,-1.3828326414249403,0.2852879789622355,2.3403609558294396,-1.6034186446004017,-0.5384192321516411,-0.08505708154460125,0.6926969317597739,0.5281964542155995,1
-1.2993867593992814,-1.174898038785132,0.19374612162328553,1.8036580503786483,0.45762928271284875,0.6631974605980445,0.1237316837108089,-0.5327394773308306,-1.616525942285552,0.3394624289371381,-0.6657415640054053,1
0.01386648222331472,-0.3649589875656823,0.7249211090445378,-0.7790920526747833,-0.009156058078483822,1.5879454008093419,0.6161325616153851,-2.049079220606498,1.533339700726259,-0.01809983928385419,-0.9662476256975231,1
-0.31239531973307005,2.64944759684217,2.262816313761816,0.165111817509911,-1.4391480661602842,0.08433082846940461,-0.4766395912174411,0.4031364635489733,0.1911818733965875,-1.224486175753014,-0.41748567051084967,1
-1.0925446010876942,-0.7680211461742275,-0.496783192764752,-0.9446136280298502,1.6502136216913565,1.823285799960595,-0.5205000621901849,1.2153627877117652,-0.4149686127239306,-1.1857126092687145,-0.1473689619409279,1
-2.4067036397008956,0.1859424893018298,-0.06426562628235324,0.642558719498677,-0.7920726732863517,-0.41292962151497536,-0.7951031922687667,0.8698460830705906,1.832690175203107,-0.41497395484566146,-0.3510232373940827,1
-2.2790873141016252,1.088808856234095,-1.600090288575221,-1.762104595608597,0.04664215948352416,1.390959535893091,-0.2334062099415043,0.441818771295732,0.02661378178888964,-0.25760459440661104,0.18418866753549706,1
-2.9732186411227,0.6224992560424778,-1.285586680692193,-0.5508810861548945,-1.525714694221044,-0.6570587579039165,-0.0017036546185526268,-0.7311099589998182,1.0475869567346943,0.4515198000177447,-0.2712587713511146,1
1.2714487274733002,2.670960174828093,-2.5291939418529688,1.6028041482836513,-2.153383016786145,-1.554159990500258,0.17789478078397375,-0.40403457127355036,1.1345526468289078,-0.2643145796344508,-0.4476342449053803,1
-2.539004627436638,0.8279052599052528,0.5990859583114895,0.7679770129357593,1.1934733073052983,-0.2734255308768293,0.21964563504496026,-1.2623531162908694,-0.16466295817219342,-0.6030734484176282,0.9813719299824086,1
-1.4407050980937859,-0.026591653491698022,-2.607215597368344,0.43519485828951776,-0.493799937957015,0.7158951737827116,-2.1571724763964775,1.6738307602948685,-0.665880618674923,-0.43000962553239414,-0.3113421038707284,1
-1.4793435532701869,-1.0990855033221414,-0.7217370636921643,-0.23188713387236073,0.8555812243372747,-0.9394861855195507,0.6017297947452445,0.160870596431969,0.04806849568603779,0.5438253059512402,-0.02396340199421781,1
-0.6893198148726363,1.6887599439203167,0.15440903718810248,2.053484659963494,-0.6438322651690749,1.654955716994379,1.9374440272301487,-0.6253058658884805,-0.32136480919897664,0.09541083871354346,0.1391120570389315,1
-0.08476684789752657,2.7843172728834786,-2.5843981583559437,-0.8373654989888706,0.8262703091341781,1.01734967243052,1.0656178698471335,0.025008471725830234,0.19139158721304925,0.418058344792433,-0.8241437106242033,1
0.08678054247654152,-0.08015612996915114,1.1217910812072815,-0.03018234743293504,-0.9300541748473117,0.7635660233333039,-1.1557464004105993,-1.8559139044752606,-0.6465341483349576,0.5670544324190427,-0.350468615180787,1
-2.4798191461706334,0.1767048783231135,1.0191452341186964,1.282058780577607,0.16083027797138913,0.28736984731744025,-0.46544199892732363,-0.22144851779438718,-0.07617743225083039,-0.44798011909108726,0.44253912160442377,1
-2.492156784304276,0.14394284625598153,1.8054704557796344,0.004570199282915502,-0.8751994255801623,1.3782314962818043,0.1635605796244143,-0.6794005850233641,-0.693086578077072,-0.8240087091229567,0.13011579115857685,1
-0.401187040415957,2.269823526008478,2.0897590099525094,-0.2095150162815501,1.4362644926691535,-0.5489320633992244,-1.3687462706205318,-1.9863682454908562,1.7323305729662992,-0.16198184969249665,-0.20093502754907205,1
-2.3731921956665105,0.48584133902950516,-2.888305894455927,-0.4673962371504126,2.066738162878466,0.6945401423611944,-0.2282632024607325,-0.9204581693870858,0.10369311129683038,-0.6097036828007572,0.5505160609421599,1
-0.9462481572284559,1.7743510060906238,1.4491145359198168,0.6198831037796129,1.2183630628614561,-0.5311051087500928,0.6423448772929548,0.4868090501457836,0.2838034183489255,0.7752703299929247,-0.42864316598121,1
-1.5444662169987646,-2.2022800447502155,0.42946525852400497,-0.2995077923732036,0.4455784885382618,0.011259332152239343,-0.052222300285180316,0.26578705267397534,-0.19591593726482606,-0.7744403402751582,-0.2737354204099208,1
-1.3639145880983794,-0.37390956291640964,0.3799599593871995,-0.2872335465109173,0.7675091227991494,-0.43085440458829044,0.43316079925291096,0.40896223131284215,0.7959021141194168,-0.42167560026603185,-0.357471127537849,1
-2.807145900800107,-0.800269732062927,0.40110706539082525,0.675125226354159,0.15600111739130118,-0.46457158842911384,-0.7599900283376871,-0.14360361142576944,-0.9990290803829619,1.026367875210274,-0.18428299178501215,1
-1.1642970104950379,-0.38187200597245047,-1.4608047003803368,0.41163025228281325,-2.1160233640694033,-0.303782564704159,-0.0731998169213299,-0.21753496662224595,0.0029738609767533866,-0.12326830353709997,-0.15795473901837653,1
-1.631890570446786,0.36907240884395326,-1.7881046237352403,1.0853539560941436,-1.7288423772565753,0.5120750825237048,1.2291033884543796,-0.046492310308254146,0.5251384127925989,0.12057213363445908,0.6640901951146015,1
-2.5585924160508853,-1.0499192627728593,1.0019801097950172,0.7420842199217859,0.41559692518774566,0.2079793452133098,-0.2558319403611329,0.013275364434714835,-1.1192011787035838,0.17558908325735612,0.54833303457858,1
0.08325355348956012,-0.007765641553191831,1.1986154453734292,-0.12949135000853176,-0.8459623160981488,0.7785988322054723,-1.1159467480575553,-1.7890226260839561,-0.6437719906421986,0.6027285801294848,-0.3864951435607283,1
0.6068226646709731,1.2663124791061335,1.6106952283713871,1.8961259517715876,0.39191235200488483,0.26351632999292074,0.0817418266177152,0.437295312798462,-0.08027601302245188,-1.0619492647848099,-0.3670341668525213,1
-0.7052789806048848,0.1028783852716737,0.6631304066293372,-1.9293587565444423,-0.3169638438228193,-0.8058928295296838,0.5522502411670827,-0.1898400822417056,0.031056736881408652,-1.0702887030614445,0.4014083183442046,1
-2.183742451181152,-0.18457524931685845,1.2081529308729697,-0.3570799727158778,-1.3503424726483113,1.0353469000562898,-0.9870078992553939,-0.6306416664932559,-0.03037212963878825,1.9096264428037963,0.6474924048321942,1
-2.5846338526185564,0.7034082296280926,1.0950732147448492,-0.009889727047254916,-0.8844011497801756,0.727736241154799,0.6425014393697638,0.20507381577995124,-0.6924785704539591,0.6787314902525278,0.627086659609184,1
-3.838587590040149,-1.2619438912237486,0.5262767358816379,1.2004836324807837,-0.2119880989409345,0.6553775569619874,-0.5055264555291307,0.22848794676202194,-0.900719969943783,0.6897161894217237,0.5912620994910648,1
-2.8586027107109584,-1.242865554818234,0.4797893707207438,0.5654031580062,-0.20915638489982172,-0.6504529067168913,-1.541420151062585,-0.319202314062487,-1.2385277191762105,0.08172946279510446,0.49789792181739145,1
-0.9582547369529166,-2.0457115393962373,0.4229167414362899,-0.12734546358662305,0.811567121012827,0.17862403998186802,0.4614855149186497,0.18871565422818823,-0.18159812243118825,-0.691279701710934,-0.46480859272949226,1
-1.2925339367432132,1.8267699741605605,0.8508305432132097,0.08544343777848083,1.4021644214508475,-1.5051305862135735,0.3092654443477198,-0.08524822359147463,-0.0864177684391687,0.5696291001852534,0.5833073615083066,1
-2.3408090426969688,1.0697915237491291,-0.34204817580206603,0.9111111809703905,-1.0810877620827772,0.4461899957479766,0.2797213328576396,-1.4138228004984064,-0.8537213596916902,0.2457942772264752,-0.023283241148520248,1
-0.04376180095072493,1.4446772120209603,2.0783366252434443,0.13233195969555978,0.35676047622552537,1.9880282536865443,1.3903876094265832,-0.9182503817111067,0.7148421295701176,0.8925933985943769,0.9086132435640868,1
-1.8400994159363684,0.9188731300574383,-0.09833860441833604,0.4883964809144299,1.3415925994676385,-1.3149084721491784,-0.05063563220658855,-1.3841186531017735,-0.46795553737049705,0.6487976449214033,-0.07840044205245111,1
-1.4107389919056892,0.47484104069848765,0.8210388176049345,1.049064011996093,0.14455764589401215,-0.36928358235624414,-0.8388648878954044,-0.035415327505493435,-0.695793231422537,-0.010201292760572132,-0.7103136614602112,1
-2.5855307252061497,-0.7620832668903886,0.6275616950159956,-0.10244966788504503,-0.19225094230523193,0.0666434252016233,-0.5516297879076825,0.6818343619554063,1.1183500087296243,-0.5382879523215147,-0.8513589293792232,1
-1.8985569190418632,-1.8025079762291318,0.18996498447511453,-0.06577510283103696,0.23122924110830137,0.0924625458454441,-0.010561854070269409,0.6229527668705674,0.15811188364608977,-0.08577390671381077,-0.6214820522590389,1
-2.2320324511228917,0.0466055381166609,1.6725376071280496,0.26565809848287314,0.08140663496597117,-0.4692404583049181,-1.1335478699977206,0.3859290070797222,-0.35486455130848693,0.26967118703758786,-0.7063319114851085,1
-2.1816063188816748,0.14351890238245307,1.7205777980156445,0.44039434452823845,0.5622215943971716,0.005739374406180853,-0.7839666054250669,-0.4725638818614281,-0.27407425593134566,-0.7934810096510044,-0.2645330900098863,1
-0.7636467169258218,0.8230040014452997,-0.7158747106903613,0.7171798043557195,2.764431004164254,2.2670355174856307,0.800115579163159,0.22275575912024204,-1.33515118646218,0.8965845072790148,-0.6072652638257395,1
-0.4686229589729809,0.6592093968569988,-1.2665451737622209,-1.7839458946454687,1.0973919611391816,1.671170968901128,0.8892124983103521,0.21583879146986357,-0.6170904008040479,-0.500402056223916,0.0390209330944156,1
0.06984949467198664,-1.280127633286784,0.25464949519281666,1.6750642561243065,0.055510251906696714,2.0670433375685597,0.03241347132693687,-0.6308147628544215,1.6089016359467696,-0.727213620057168,0.2188116913460534,1
1.4435389482837695,-0.4332811532439579,1.0099282963883662,0.6389410070034106,1.0122358318214706,1.2937869430305793,0.5326802018743184,-0.21928824653884205,1.5598186622026926,-0.01562924995008042,-0.9091103207415911,1
-1.4323443827979219,0.8775651839795358,1.1650923408861316,-0.285696554323575,-0.8847184504708985,-0.13659681305382346,0.36508420615472686,0.4541592450689398,-0.8357138734198272,1.0000837667055593,0.16556399775623973,1
-1.72085994099269,-0.8172105270457353,0.5092742037779905,0.6464375520135754,-1.1598742274195228,0.0349056815987463,-1.3549263563846095,0.988245485662372,0.7984227467519979,-1.702732620519882,-0.35083609762804197,1
-2.7505438065111183,-0.2635689183891832,-0.020763841744012367,1.6604390232608324,-0.35473631310173226,0.08820626290008199,-0.7747998137091183,-0.250495656813578,-0.8391022336887449,0.5247718254029055,-0.32819844097644896,1
-1.8113388888750634,0.19107217314754685,1.8375554327645043,1.335588340040551,1.172670830273379,1.3958959609792279,0.9940930336654134,-0.2145248489169404,-0.16051092419501362,-1.1015057547135283,0.7756457968293331,1
-0.704637671739134,1.536137601050419,0.02697843737526155,3.5622034439086234,2.5534072026005705,0.2586538684569718,1.1449054861443888,-0.30827722704232885,0.6709696504369705,-0.1592429741533544,-0.004989733557804692,1
-0.9466058981598604,1.545143534089616,0.011688526380602332,-0.8850709761352447,0.3322229627701074,0.04977302361529575,1.800707642086761,-1.2131295334871426,1.1806016104849761,-0.9087549523110712,-0.2152856029883884,1
-1.3564032061632776,-0.24095106707187078,0.3110627059052025,1.5023153951582993,-0.04519159781395258,-0.11794196883025955,-0.42228619365722325,0.474643641619815,-1.119466423407894,1.002478419161026,-0.7228549892066201,1
-2.3619550119488233,1.7696270788045658,-0.1017605229388563,1.0747163176514742,0.7298156972260388,-1.085759196070334,0.12305691903366255,-0.5056393174519297,0.34088715254654,0.79443191090921,0.7000730569671141,1
-2.9360801221037245,-0.9827626251352302,-0.4490449039475998,0.20780329356293617,0.05794101820647183,-0.07512657817261538,-0.007113650788764093,0.23951474906009648,0.7817745105180146,0.08776368452580059,-0.2323626101340346,1
-2.3625944704873567,-1.2691137116078433,-0.9371888814530718,0.3417412260206662,0.5143564062018788,-0.18521304988018822,0.3215225543402689,-0.4858402663390761,0.448267990310372,0.3324044748488121,-0.7375564570679459,1
0.2513677653070538,1.1779511328755037,-0.120635278132951,-0.34703981309743154,-0.15423093470742097,-0.3210013035581748,1.2385946776580359,-1.472173118117087,1.0571935393959346,-1.867084230729947,0.23964284975269537,1
0.14580526221018023,-0.05456701278539061,0.47067679903716564,2.5332856626855738,1.203424619852819,1.2234989608405171,1.4129362234803184,-0.6669099743921001,-1.0673036968658516,-1.1586924329631034,0.8933095983934136,1
-1.0435703098972455,2.1589753263446307,-1.765390387459971,0.13674785299814413,-0.641919502120917,-0.7246088240413845,1.2879307293784144,-1.2108529434815574,1.1317660243948546,0.1953059075611806,-0.5312830433093138,1
-0.5123326219980666,2.28149976792256,0.5114406088842577,0.2339296507852135,-0.3581163152965671,-0.28871885938191766,0.9318500411201474,-0.38519397376990167,-0.6702470689667122,0.6062346767279029,-0.22118889924544377,1
-1.5202966631025066,-0.13505154116837811,-0.08958462205226125,1.288090979123617,0.0695879332885757,-0.6811308267725448,-0.796415119490883,-0.4273293990217401,-1.1141600630358368,1.0343211318724976,-1.2672948637683707,1
-0.32625756254037014,0.047237585894432846,0.7088345123833577,1.7402263939510867,0.934503675458336,0.5047453916441362,0.2883722195516807,-0.8588695867449868,-0.9866325029818059,-0.7874984418440182,-0.4564102935573827,1
-2.0149885484096695,-0.6916018334238272,-0.3141155036940042,-0.4944876542158677,0.3112881877900922,-1.1581280687235838,-0.13938090249601742,0.6255931198232172,0.46730208337849855,0.37450834350582946,-0.06224222679900191,1
-2.038308597490686,-2.2393551395204048,-0.46738655941358004,-0.402401455637189,0.20980922601954732,-0.7747952354081038,-0.5456805295482262,-0.060181796090594965,-0.3516888899392546,-0.013385072707216105,-0.4069723393469073,1
-1.158634327918601,-0.283961251691726,-0.35195453243969493,1.1668327761401422,0.2848006030761605,0.5275251359296189,0.6885298316303909,0.04086652841116668,0.784039964590384,-0.9019279260760272,-0.5610811738382534,1
-1.6133708736754684,-0.09831858576598468,-0.030541669584593648,-0.9754744215368094,-0.45435778520411696,0.15059353066835116,1.1417964891961698,-0.6005754286869464,0.32282907909287606,-0.5523473911513451,0.10305717395328425,1
-1.0466589910701964,-0.3251858190125749,-0.5443862564930998,1.35912028156483,-0.5132933031468716,0.2920074412013704,-0.01230876363253104,0.622623537036707,0.3214153660479988,-0.9499650595650216,-0.6363029237040331,1
-1.846208411468871,1.3941672664500464,1.831045886249221,0.6877514480821163,0.0526914551116727,-0.4876467298306315,-0.8273574177542304,0.6267567348090596,0.524620605928127,-0.45045976277429817,0.20535899176526695,1
-2.4032305692698976,-2.150238977563918,-0.7232451651981718,-0.15470264932636102,0.38541887254623136,-0.5006155386361133,-0.1545862127847076,-0.4371720407067587,-0.2706770661843633,-0.3345488679596047,0.23465628030101654,1
-2.442485865540488,-1.4340410590954342,-1.2078302318612695,-0.1272521656638075,0.37196719448374044,-1.036568373183477,-0.28406078752897534,-0.6231048258543171,0.1177943775506986,0.39498044834429186,-0.4611456919468045,1
-3.314576775540883,-1.1144069315366896,-1.1986298100785142,0.2965716698939899,0.11512129396996747,-0.4311435627772277,-0.3618147648804312,-0.9775876266624706,0.7181828748122764,-0.03214196997896003,-0.5344362452910086,1
3.556966218246311,0.8104158508178636,0.5330374999398018,-0.7956239218519845,0.0738808601966927,-0.19808808154898036,0.7106756895944001,-0.8312600046733951,0.9086795999778886,0.2042862008887369,-0.66233462879613,0
2.6730952037526343,-0.4364397434234725,0.21372576957075776,0.10663320503059147,-0.6605495468647249,0.8756312292404225,0.8997962011517304,-0.25696832125229646,0.5054228539075813,-0.2382435734892817,1.1174586493564636,0
2.4271247792417507,1.3569473218178896,0.18907599558209454,1.2497940944422052,-1.5635667942866032,-1.0096010144027785,-0.3215670009062654,0.10557005542613389,-1.7940484985516316,-1.0610384514428504,0.7813571926808338,0
1.2046652404029337,0.0931313126281999,0.12880015531685324,-0.4386231065806186,-0.6781306223366683,-0.2229767819513766,1.092926964203612,0.2350748305029851,-0.3258903848270411,-1.1260795273824902,0.03950958574728108,0
3.2559039185647145,-0.008317542897728793,-2.2845273229861567,-0.5187716178241298,-0.6707908158186,1.0119797716516654,-1.7152292682139254,-0.144664086364231,-0.9522122424404144,-0.4889473045954,0.673444227849198,0
1.4519275237448737,0.5782554511506343,-1.514542742718142,-1.5535476160829649,0.1349275893922394,1.4440728093998638,-0.5485707201910343,0.7247752676997968,-0.164876202171756,1.4817987782230317,0.020401337225406237,0
0.3925202445719306,-1.5139238548262828,-0.8027353377585192,1.0871574568976383,-0.6771562520309882,-0.5746853434618254,-0.3074035931213165,1.415505173386526,-0.8758755407725842,-0.26857900201705,-0.3573871759606516,0
0.8877557838570729,0.015145261569153346,-0.04202443119087622,-0.4405205943383657,-1.3237866765655861,-0.5975748489031292,0.7279020074921582,1.2011469064927893,-0.3599326999181534,-0.35284280546482727,0.3366442697934983,0
0.5099353534186823,-0.017105565024427095,-1.1196701304540742,-0.6508111393349956,-0.8864948190452089,-1.5950938050848722,0.9318504486576198,0.5041130590979476,-0.3032253149994835,0.12286604184814032,1.743897808298325,0
2.7267707090430067,-0.8221905955043056,-0.1723027597541666,-0.15968322470853527,-0.6069810118916724,0.3530939490037917,0.5163902078486513,-0.7475362616569252,0.11570379261192354,0.007394635308476395,0.7339015616655249,0
1.8187370898163122,-2.5241167421403734,-0.3631396941939679,0.28640091861965605,-1.1918953944473247,1.3725738745303098,0.06925481770053107,-0.9044513206576038,-0.42174444187799165,0.46167907882683995,-0.3484995680422117,0
1.3222585248785452,-0.8518621834467367,-0.5026964383708703,-1.45629134515994,1.9220466441558341,1.087591785016155,-1.1623161511558207,0.9454209511490835,-0.036937604182659164,-0.09796640848850854,1.5781952326487114,0
-0.16705307874415903,0.7440722222489101,0.6101471101361875,-1.0065050088842116,1.0808302800360943,-1.7198061038331638,0.7323339488875039,1.6202959089741926,0.8612430795706663,0.6094619632947301,-0.20565961959079307,0
2.4828872693378408,-2.159337823402473,-0.45362542572007386,0.06884226024842079,-1.0966248473453832,0.6393768423111797,-0.025728153354258314,-0.847075879847094,-0.46425821269550677,0.44532715460394273,-0.06059113335192666,0
2.4800955430400564,0.04566418629873732,0.5843259000007927,-0.8674852836387819,-0.2373346264939682,0.3221378310473934,0.3123589427680625,-0.9293059309578244,0.7166670049228797,0.39278954147504425,-1.1899922391632192,0
2.0894301720222273,-0.34482008532816905,1.37375194081374,-0.14588270188955393,0.1381753619967828,-0.2090767970475148,-0.9562256053031757,1.0273856270645956,1.3541391804304643,0.21049357531093832,-0.704524162379896,0
1.7138878545955645,1.2301593211928064,0.7844760164913649,0.3953917610118175,0.3187628341676795,-0.13369486156346633,1.239731234621308,-1.182655049130496,-1.5253303035126506,-0.3514149845296574,-0.6918367168252064,0
0.1423312711985477,0.980197820844689,2.378011794236356,-1.5823598209266485,-0.06759572944015572,-0.9559442129764292,0.2748079718694296,0.5320427345291705,-1.3808757556045397,-0.04206583599091415,0.41044008044541214,0
1.1126905557464397,-0.49983220666364725,-1.0213329037120162,-0.08976865500810306,-1.3251095968981441,-0.916280399056645,1.1412447900250744,1.3767948423936558,-0.9447898876671821,0.4254309841344006,1.1625334447462454,0
2.01981405390501,-0.13650834757278202,-0.5251191233491586,-0.19670124912093012,-0.9475347494322482,-0.9303744190658259,0.33741151385858426,-0.40094128336319296,-0.48119338723946614,-0.9388891550896451,-0.8712739277047313,0
-0.1315856997975394,-1.3863778157676827,1.1463414723783831,-1.8750250895080682,-0.7640259316549095,-0.28673962349850113,0.38798760810159183,0.9184804204977848,-0.7270140734482531,-0.17731226048664173,-0.6491751712879847,0
1.534792821701512,-1.0997968793293305,0.8719827178652637,-0.5693413462493738,1.125204610688172,-0.39101175502737323,-0.10612759045351396,0.037387098428437376,0.9864117537482965,0.16926130404038559,0.814941155951273,0
2.9038078962936256,-0.8058970620338243,0.5144931290521717,-0.1764588232073441,-0.8895679073477331,0.7475232865984878,0.31196860131492077,-0.04893085365767372,0.37252772279251906,0.33564430697359815,-0.34983531356242675,0
0.04527553746242347,-0.5824472100485119,-1.011557138530372,0.11756618930166383,0.3009136086212886,-1.6969075547126933,0.05329230677900134,0.6769229863618685,-0.26524313196259447,0.5952742576280905,-0.5500724690654214,0
-0.41053023156647345,-2.5325482361710026,-0.014436295527046245,-1.519393042657643,-0.39531340178341473,-0.1357046551443016,0.7386134289640542,-0.2575649021724044,-1.5851543735987281,-0.1550567466209924,-0.10569632581417267,0
1.5578784307865055,-0.19265622523097786,1.7995834879510582,0.6398313028643102,0.3129090593498018,-0.18867791473525358,-1.5541068526578925,0.12494786017525633,-0.3563791642721598,0.7788520641944424,-0.09246635460333145,0
2.77482107133297,-0.9606802557529612,-0.026151703371238167,-0.31344188962106145,-0.6431221031375333,0.30415824404716035,0.4329798037583338,-0.5524751038429749,0.010001172148062853,0.17365147064549047,0.5367042667497149,0
1.7665418910788508,-1.7490707228666367,-0.24804150946779793,0.8112234388250716,0.8852780869976448,-0.22650953658023362,1.0119943356914847,0.4533487065271394,-0.816310011591495,-0.5250235645234218,-0.8165343086872947,0
2.8884182582581572,0.1857065768336019,0.2295633785912371,-0.5283061233942625,-0.9729744434059283,-0.395223991771066,-0.23149674424239708,-0.3630931659233169,0.7320560648030129,-0.1832326294230345,0.5432394552649774,0
1.3797539615662633,0.11449462912654251,-1.8433025001081718,0.2477232452231978,-0.9023956678361098,-1.2829375261937432,1.232711876253612,-0.03738288850770448,-0.6435392932561628,0.0924137691229367,0.9216045603448757,0
3.594366131086438,1.4143207972557321,-0.19045132736460074,0.1557208889694532,-1.7049938892928662,-0.8592021439180945,-1.0844148029313043,-0.6064094958835238,1.2266012306274243,-0.6198893437317586,-0.40878780585965296,0
1.1374673437078173,-0.28443241703723154,-1.6767296374245872,1.184586979567098,-0.3937379604152028,-2.0661671744945362,-0.4459466510108827,0.5134919949886599,0.12630835910868413,0.08913303941303628,-0.2151986573572658,0
1.0469269661267282,0.26501779052692526,-0.7638449669405892,-1.1390584639577295,1.8954388982714927,0.4285703374980644,-0.2901882258646489,1.7409837795111902,-0.9734509381993374,-1.133668836757845,0.2605636111879795,0
3.046378920585969,-1.0035055461476312,0.8448686056000356,0.708983936140152,0.8189449958242155,0.6085013041929722,0.4540430359605404,0.6346367670077112,0.8558099925672352,0.31959533791491773,-0.3658581928316108,0
0.7099754979837907,-0.7890313327356574,0.8633399710414936,-1.6024165189498436,0.03362517005161312,-0.29398523062374826,1.6840850729883015,0.8599367978840237,-0.7734161634786649,-0.5837902873867645,0.9573395925339429,0
-0.6096894920043539,-2.1953725514170643,0.2096624209254508,-1.793110924768643,-0.5716424486991423,-0.4696443766728637,0.5089398719688967,0.07489759773766846,-1.4277140521850709,-0.3202437081054313,0.377884534889853,0
2.4312166441857097,-0.42440846398977383,0.23842573413697898,-0.13215141558646884,-1.1237274606535155,0.4157717010182134,0.08154314903231102,-0.12009807413260257,0.5645607453376469,-0.24017596824473433,0.9409778824016175,0
2.1560246453424363,-0.12077749280620857,0.8971758393496972,-1.5291561678335577,0.3548443668710464,0.1006135407712257,0.6264264612353188,-1.064564180449325,0.8895307695176901,0.5159908920652807,-0.6067324923291747,0
2.440534969033987,2.6544422295826253,-2.0496016432494497,-1.7737546100732957,0.6625338134701751,-0.14895805640840157,-0.7304094275016897,-0.4044136700271411,0.6852706745813641,0.8514839107780449,0.26111716276528335,0
3.3784580925050562,1.3195433529979046,-1.4056703353936046,2.5161234881175747,-1.52584615743213,-1.3607781290383592,-0.14457774050466532,-1.4568738048640077,-1.8203169212702293,-1.6613823784435295,1.4529507591302704,0
0.2399322573940158,-1.516534032124672,0.9877585072858077,-1.0455698594860539,0.9408655005690112,-0.24869888594064185,-0.6651761016778541,-0.1756776617204858,0.8757135024005709,0.3203324969444085,0.34126449324069885,0
1.7599406939140279,-1.1275970989000577,0.5371879194974589,-0.470129740357386,-0.8258223888948801,1.0205380774596828,0.48758950995184414,0.006270866033987174,0.13479913088887582,0.15380242582225948,0.6649635532690247,0
1.6659902872201813,1.2375208819400267,0.5904867830600365,0.19715391825044115,-0.7022918465491754,-1.2962490979216112,-0.05951944480511393,-0.5384675108217201,-1.5921442880056724,-0.719500525961785,0.5558516199991482,0
0.4388004821156802,-1.3285552360890716,-1.3876207204069329,1.225010996741229,0.07290916255347304,-0.7222746929350727,0.575349769447669,0.7986264713767248,-0.44461776031496886,0.45935674475884736,-0.14895277904172757,0
0.47033498569959603,-1.4869726082178913,0.19480400423196542,-0.8707366835840906,1.6427522263202088,-0.43168905952682185,-0.008202576853329051,-1.2814102349902337,0.6140665633220325,0.1503790014787188,0.8502712410378045,0
0.384426661462786,-0.11748259763237974,-0.7761040576403737,-0.5267832122962262,-0.6779741845882488,-0.5765234800977738,1.4053205347399798,0.4834157244650228,-0.6299924017154837,0.6844899990870429,-0.3125724958061072,0
2.983243846061551,-1.047161597936432,0.2431872418605614,0.833526239530526,0.05817064973035232,-0.3052944463834078,-0.446583008367409,0.8255576729570775,0.7230832206899611,-0.23884046302528675,1.2851066395158022,0
0.9218037893888181,-2.347342167564089,-0.1912866798158464,0.2899802404454335,0.047353384778200426,-0.779041335901658,-0.37305531605560566,0.7772469713669534,-1.0708441055472988,-0.35283335642367786,-1.0536941656141507,0
1.9943225907774347,1.134257865075408,1.7221643280809862,-0.44533415735121423,-0.44717188674266306,-0.1109064311392309,-0.5978484352124516,-0.7485511745059285,-0.46332770863827744,0.635106595182199,0.2373713442805255,0
2.1342798162154923,-0.08111044912466446,-0.8091937299448955,-1.6511301531956968,0.1300100712392213,1.734367281126921,-0.9558551595944316,0.4232692437114226,-0.4899813224533514,0.005410000713582341,0.32735830312709263,0
2.1353757378278386,1.2093140236573348,0.44537671879026575,-0.5650353831011264,-0.9283187735508787,1.4642576591404002,-2.868233173456029,0.6253251241277568,-0.9829567636218312,0.3250722607784146,-0.07051502155326254,0
1.376941490785979,0.8545324611985674,0.6011476609648677,1.743775137891562,1.1119152391165426,-0.3187280915817352,1.1467475132741287,0.8383198575239613,-0.9619154745220657,1.2736331397423792,-0.9968353409847084,0
2.387688766407857,0.9017877103374922,0.2834119171681939,-2.386708419447018,0.5949950615528108,1.4144698309698076,-0.6736355964736371,1.0884269025512368,0.46128731198769274,-0.004315172259669299,0.6164887452361201,0
2.5153965572806904,0.26836194333706276,-0.08534116285817885,-0.03800253376611347,-0.619549713506421,-0.5158544684714176,1.310952227145921,0.3605913004559079,-0.35348033284819363,-1.1143998005799336,0.10900522979889656,0
0.9999154603709557,-0.5260941966047599,-0.28159972945221196,-2.9162048949510013,0.6537431795633333,1.3821914878934105,-1.1894012954425985,0.06871897023117668,-0.42335628854003093,0.4697451858289909,-0.02148848102010501,0
2.320496508821951,2.6770345134021745,1.7584054332301553,0.19049276655126496,-1.5853731577213306,-1.6068312298218528,-0.7857094661711377,1.1220574940564412,-0.44854069615706876,-1.0418147758326417,0.4796983700364466,0
4.193188234563258,-0.7177010641243983,-1.1089380928357344,2.626317011994982,-0.698934022683177,-0.1980580221566711,-0.8840386236220258,-0.1856025270960785,0.846718103990821,-0.7451993403691081,0.38584465485948266,0
0.41962336672486,2.0798735037496416,-2.2977273691263367,-1.3790009725841774,-0.1342015717552388,-0.06990246908557278,0.09660540111667099,1.8036244524672074,-0.5474438795122009,0.5662027085907113,0.7224826432515636,0
4.070380833871838,3.340585668390005,-1.339013822810739,0.07664266106928601,-0.2796458281938595,-0.2447609099702021,-2.887399736990462,-1.6224890368101088,-0.6866079250056103,-0.39408588822126744,-0.46176572287650175,0
2.408682435612483,-1.7682481698687986,0.2907711279326576,0.9803375823950808,0.04964154820712855,0.452906546831508,-0.3417969502774549,0.6523308111418598,0.5251854200361448,0.03979347004949347,0.5534070592705308,0
3.558989459318751,-0.46183951144211843,-0.9390447526562741,1.6316814860202276,0.7713911128888886,-0.07019550825425003,0.3431619688947211,-0.8522102121537103,0.48198489302015424,-0.4615249521672257,0.501467974185119,0
2.0257827148111747,0.12070524160492398,0.2932725546982621,-0.05621966038547659,-0.5393067439065653,0.2297259390650135,1.9265086734121184,1.13921781225196,-0.2758659794908928,0.12173165390426717,-0.9765287593219804,0
1.3981661515044597,-2.803571724164582,-0.18739580005031292,0.5957650608092933,-0.13276332952711656,0.23615516201754427,-1.2307546521828245,-0.359429908288078,0.011558119703223875,0.4940427113530731,-0.7177028297143706,0
0.4792109942340382,1.730398763922465,-1.1246873389115164,-1.1267812996694662,-0.5422693885118154,-2.152940891912118,0.8802797607974916,0.10021904492006704,0.20319060568711939,1.2212058856319878,-0.9807423361468663,0
1.8665155414347607,0.12652600739721778,0.2389396061356257,0.633558994502739,0.24851215943951196,-0.18540888498266953,0.17864834404945448,1.351357850662237,1.5066083160355475,1.3276218460264233,0.298932596424955,0
-0.6630442050784746,-1.716027696958524,0.013423239666625795,-0.52802877437823,0.6614856270585894,-0.8903245555048773,0.6719482979998374,1.596403918152617,-0.4433663130079839,1.168043016648112,-0.24250762190364403,0
2.0023229229928954,1.6841201094238842,-1.1095515487931495,-1.7671874820309736,0.5811043080611817,0.3038838441198173,-0.4255770630050038,0.19500596952086305,-0.6200974654565392,-1.0471311774614969,-1.627197618412886,0
2.088709366276336,0.2940608431227906,0.4253502224615259,-1.3020182399016729,-0.6001968918500478,-0.580670135737021,-0.48879177512592403,-1.004299116151065,0.7531338886145225,0.16606954915618324,-0.6468848552153132,0
3.6716041508507975,-0.35456759540385685,0.15013385054656345,0.9032841157388176,-0.9732098809920378,1.4703415447916075,0.9821097126246779,-0.02277248655866932,0.31784221488843467,0.03665312837318477,-0.49160140186811113,0
2.6970562425418096,0.9505193098635429,0.782085810054646,-0.08565333370032821,-0.5601136604492223,-0.0059641295184050345,1.618685206402418,1.120237553217757,0.219959813688554,-1.0541861611101,-0.444951458343812,0
1.1537446275078498,-0.9821500646103929,0.903670832444319,-1.159068711622294,0.4624131123633485,-1.3971502864652001,-1.4242481490080836,0.27339162410410284,1.013245593257074,0.14499496289450267,0.8075471818883655,0
0.1669697530854523,-0.3425057339736078,1.113310019325736,-2.2014880984651626,-0.2745381338808196,-0.884343306321294,0.7245016910029358,0.8025479638834795,-0.4512915887493733,-0.5378079297477258,0.24192358130691188,0
0.8298373651519636,0.4748782296574166,0.2771009091314304,-0.9842355326945906,-0.990119010515065,-0.9440798750113453,0.29721773580396277,0.3509336483649616,-0.1538170923756312,-1.1996484625906711,0.046843389595275224,0
1.4984040746903555,0.3149965253791892,1.713786388489466,-2.191380274700045,0.431314529363371,0.10431685638610723,1.1675527621677912,0.28667209629840174,0.8928664659707913,0.1689244536440708,1.524099510574133,0
0.4264935958263821,-1.8843943583981035,1.0312057543018092,-2.2150830665691648,-0.909709511568537,-0.1110803224665003,-1.0721824542674219,-0.32721716324306305,0.04852850120967899,0.92729102976887,-0.5796427239600969,0
3.1295173702740517,1.033431508623309,-0.6292204461110776,0.9595263030053494,0.9100892789482395,-1.0016128311904209,0.5105408497261396,0.04284504602958269,1.745921140793941,1.073833230774495,0.14163451465744453,0
1.8998280278806752,0.7577784243026807,1.0947188454410197,0.016163594327255087,1.589455846586586,-1.2679919931068837,-1.088924080893134,-1.752042009286091,-0.32656781183554123,0.7909217275046729,-0.6023184528491562,0
2.3230337160850705,0.048599362729177024,-0.4677620237247472,-0.34252811791453824,-0.1886741642525014,-0.8001501881878865,1.4086852861787307,-0.3952633916764464,-0.690626113984831,-0.9527212185921333,-0.08588327329499443,0
3.08812880738485,-0.37189333945102004,0.5751533390311723,0.3637916791205059,1.156834215275704,-0.002631431333506336,0.022501262302248262,-0.43236301381939624,1.1596754229166704,0.4273123492282646,-1.6436146747037554,0
2.6250238348541117,-1.025012152591603,-0.30604361707949007,0.232370500247234,-0.4196946382396869,1.009636255664117,0.7891493982263597,-1.2943262028538316,0.2160867390039554,0.13032145323875513,-0.17906393397295942,0
0.7895380932723298,-0.9304137060583691,0.3459286781122476,-1.2951732085576024,-1.1312859952226257,-0.8418462064479486,0.09441823267688511,0.7281171887016955,-1.066619621230637,-0.4756963556712298,-0.5105299828639471,0
2.073788116765571,1.4734218364647114,2.586355295434126,-0.48103448596977916,-1.4480642613119532,-0.1949623421621152,-1.4598295260777245,0.6945914160130281,0.04970074946658307,0.5705907917105897,0.1425789524457288,0
2.3336250465446957,0.1652898462509016,0.037931678003905435,-0.18558322996355067,1.6444141275474133,-0.7017219172834377,0.4930766116380364,-0.6454911096162119,1.0709576107871563,1.0280016874886833,-0.8418127013170399,0
-0.021389130448334938,1.3017064502102813,-0.37828132898900174,-2.8203804352531616,0.00039512654570414397,-3.2930229305243017,-0.2809175595613961,-1.156754882282166,0.09305114341105024,-0.17255186500592667,-0.3829931135567125,0
1.607904037461848,1.0151016640731236,-0.8441540747281685,-0.21973712083442287,-0.5495675034765973,-1.1296648992682898,1.7029248899956748,0.6835719338162015,-0.1396431364695083,0.2385711290808294,0.46589205907282744,0
3.0425731849511863,-0.5358780057688578,0.19389775174934412,1.0457072877901097,-0.37448980249270897,-0.5406867497804121,-1.266597388751252,0.395247908461181,1.3405743857363601,-0.3183686515790943,0.054377525722337776,0
1.3708173644962358,-0.5775252420274846,-0.8589609118271473,-2.0236212985510194,-0.008956059657274676,1.691376565655394,-1.617442841291832,-0.070615991419389,-0.6579943395348619,0.3623228807791392,-0.8437438723559086,0
2.3396278235913934,1.6100399341985396,0.24050588719331534,0.4407099892149726,1.9234673374541509,0.7202281687470777,-0.7525218039248868,1.2935831884457942,-1.6228233488896486,-0.5097269601928883,-0.8242051889188173,0
2.445952714280623,-0.6478981525609763,1.4193474785576408,-0.6360376101120195,-0.5833887524898302,1.3533114011107874,1.0801743015006706,1.0604784440131259,0.3645977881668368,0.37786653815274496,0.4643216145575628,0
0.34178978932909343,1.2052515809163233,-0.6312658876367024,-1.4131256516650548,0.3309371068816173,-1.4267128325054221,1.817408701117544,0.010610539772268128,0.32624828117014465,1.6324534047894899,-1.173253590371604,0
1.503644464634218,-0.5993166759644233,0.8614102119821908,-1.5843397139641233,-1.0031038998958615,-0.20160030164874582,-0.8865698918730969,-0.34809398325054797,0.37682696889190903,0.6101141418567294,-1.1574344135983192,0
3.0497129392175935,-0.5533539252315021,0.23249009917542518,-0.18333792418848943,-1.034979284881488,0.17102059241321677,0.12068053370537278,-0.052020520533051375,0.3724002487916159,0.009737982939275878,0.6097225129277306,0
2.1910320474283074,-1.0895647796654497,-0.198455825114484,-0.7034312089368879,-0.3837965873686487,0.17630378744652753,0.12519368174515078,-1.4607266367472485,-0.04764032628081916,0.46054753669208137,-0.6540889353897829,0
1.9930226182615778,0.33696592530234964,1.0428382385725627,0.5910662144544566,1.0494312056910233,-0.8825509503854331,-1.0146975804346867,-0.9215424830706769,-0.46454030242165767,0.4649127278096382,0.7489245697464857,0
0.6446483025450742,-1.57857865405818,-1.7489357920258677,1.0670025261188287,-1.3546538555644252,-1.3574682466517518,-1.750192144740919,1.024498769145888,0.53524254514379,1.8070739611337683,1.4880506669984472,0
2.192489166385139,1.8810607933688763,-0.6264191678518071,-0.7181609174716791,2.4906166092609605,-0.3854090530840382,-2.173091831235861,-1.2115582234480509,-0.9676105013917281,0.07723953421110429,0.7281663574904782,0
0.04990909419654718,-2.028816299510566,0.6975918552209734,-0.9665934579938915,1.0805365144728682,-0.8970982881331401,0.4907280684512783,1.0028699222524255,-0.7729625288521359,-0.2955084486217405,0.12152484879842805,0
2.6268479500540938,-1.1146964713835292,0.7937708840874834,0.8657139620504698,0.3627071791633063,0.71598542364931,-0.18119533245232036,0.49036088623388596,1.0647787571476206,0.2848676214420493,-0.9571452960942887,0
1.5151878447516058,-0.46942540679734485,1.6772643410635912,0.8554053379658286,0.32707665060966573,-0.007779481059458369,-0.9270125653100542,0.677933871795851,-0.694056352221589,0.41354221500546234,1.8846045707687002,0
2.223389076137087,-1.8479510978954186,0.5650808894187914,-0.6164374096145303,-0.16551245315774557,1.3982313916864852,1.1028491590054088,-0.3632267859227854,-0.41922703903884817,0.9082807477258064,-0.6748672228743495,0
1.4445778823856807,-1.2253200321115647,1.0195335491453543,-1.419541755021802,0.49956703516013007,1.0403002963328014,1.5750191482509408,-0.440504210415923,0.18349525806898045,0.5291740704983277,0.8972269747862575,0
3.1673347088997494,1.1565440814884336,1.1945082791852626,1.9472619704601783,1.785662987872611,-1.999250689455292,-2.442056546152686,-0.44832370071912403,0.9759605323197806,0.22234959511163888,-0.7076271115912955,0
0.16334074606876814,-1.5592812623195835,-1.0630827190200844,-0.608400904541448,-0.03042966565617796,-0.17839077475862156,2.0089898594121856,-0.18831004056408784,-1.111878316668996,1.1300795150451566,-0.16416624715432324,0
2.899810321382804,-0.5621727537838301,0.5103132835336557,0.11377005287645782,-1.3644027084599022,0.678018594898023,-0.031748620246901935,0.23784065398070656,0.6730893978895623,0.003045985844479419,0.11281247421711808,0
3.4746891561928632,0.5271037203256812,-0.9005879141967956,-0.5236369021826434,-0.26471220066227064,2.35266425782304,-0.8578218101884284,0.6760784958716853,-0.2785854782128011,0.013676369934931504,-1.1927462190441411,0
0.4951292290285685,-1.397489653587583,0.5710105427430918,-1.5150491379140867,-0.5193234278280804,-0.47961088820501746,0.6626346382374039,0.37306334158177407,-0.870462247408592,-0.27940841342232386,-0.4186549627714313,0
0.9393085866956267,0.21323206967612468,-1.5054673378372394,1.1892154639450594,0.18229305787313255,-1.5424282910818894,0.9405551836847833,1.3196999950452875,0.24280333732244982,0.8282469981184316,0.3996787228325391,0
2.484564689201215,-0.6334020273425356,0.6067191084831832,1.1193425380056994,1.5090945733185723,0.6768842920471136,2.195299172297044,0.8417985124661536,0.010809274661587959,-0.5249532905812947,-1.58982746133565,0
0.2424923428779351,-2.0192562107930865,0.9365348012583576,-0.7997910295100531,1.1849914565991009,-0.4908553887618698,0.9893781612838777,1.4697992567874902,-0.7685118553363589,-0.3335967369731138,0.5408106282967218,0
1.9395746673182026,-1.473574268045569,0.8986692308347409,-0.5217348759869047,-1.1376865521355772,1.1612248883849594,0.03284573766069722,0.27852779955908286,0.14165207228830853,0.6265265726266535,-0.7353251311551103,0
0.03127387563833355,-1.6683068433383899,0.13106290667018092,-0.6378163175315317,0.8930302496666034,-1.2648944675159821,0.14852967400163763,0.39856949591061924,-0.5146098646531242,-0.7402234461444233,0.529447754874665,0
2.4060973359341453,-0.5852434078380297,-0.3396318856751722,0.7945799166723824,1.0617680489283494,-0.8803159971285313,0.8495215803064797,0.01743908126113992,-0.2043841420609824,-0.7792180834922997,-1.1560462616715934,0
0.24228995097911912,-0.8722575522577443,0.48157345717788486,-0.6052768405678269,1.186990835943561,-0.9604960319511338,0.9130197221395782,1.1195913638217354,-0.022510894862608374,0.22107221491294546,-0.2931527933494613,0
0.07528805090082875,2.0219553370423036,0.571465714376829,-2.075295717580844,0.8751584368970726,0.48826974145808827,-0.5354676177172125,1.028185608714928,-1.7952206792703056,0.461998707871198,-0.12403771032167908,0
3.32522627141848,-0.8119758080317947,-0.823700083301685,0.34550185665492816,-0.5517917406957255,0.13280072774942978,0.6365141718818849,-1.2886016618321916,0.05669186998091224,-0.21542054027139418,1.093954343073849,0
2.3870149512368966,-1.254285268586916,0.7621756609273547,-0.0018833177319005916,-0.12686691324229865,-0.5747182527554141,-1.494586673261936,0.5920029480796747,0.7793537034587252,0.514206647798345,-1.170721409615022,0
1.4475673998123324,-0.9768874021509422,-1.2886429580986192,-0.7706541716775411,1.4011042906385334,1.175352353831516,-1.7467990857015732,0.2883768395693327,-0.37064502402210053,-0.11806743798563547,0.4198362745061198,0
1.2519882537552125,0.3037600771726031,-2.3246258310034666,0.2500468724885611,1.331394408706537,0.4289437683808428,-0.05593091395613271,1.7853544675194024,-0.7575992473464198,0.10770355884951714,0.1179042725605338,0
-0.5933367737681954,-1.5484661609478905,-0.13061372359385207,-1.3966917797072944,0.8349881793713885,-2.190333684092816,-0.9547728995007442,-0.4780194390239767,-0.5282812826629825,-0.521071028390397,-0.583315342356784,0
2.173966054851452,-0.733461120159332,0.17565167131869178,-1.2313505889149816,0.17874726472948066,-0.18765963361636026,0.6783660492432017,-1.1581069237077963,0.33387938959157054,0.19499949257028165,1.0424253322975543,0
2.276684879598361,-0.8738895156754787,0.692440580083899,0.20253008112978918,0.04566663977586524,-0.3212161209971727,-1.2572268381748057,0.30526583192839246,1.0763740473219243,0.2977227651022205,-1.1505789360927647,0
-0.4005851257872967,-0.4478057284278924,-1.174245796043187,-0.22790296989105416,1.1436109667454633,-1.784515890802723,1.1956515904301566,0.7761352157398217,-0.04070931297432007,1.2911806269860562,0.66608853095622,0
0.24001032569778777,0.05605550697646571,-0.2628102110032792,-2.0148774707851,0.2529094888941324,-1.6607025405921456,1.0117827041558924,-0.5541620889702973,-0.49421999956512525,0.13042383340480754,-0.11903532105826369,0
2.280029591455959,-0.8289541482030734,1.1193924272911084,0.5855778566623095,-0.48062435685249333,0.07996676091862479,-0.9415105127348407,1.6916684188368427,1.1936888893706301,-0.18950659050793361,0.7538457137612158,0
1.9822118693420308,-1.2675457099115566,0.91440510284862,2.217992746832277,2.063591427909607,-0.4078343031613386,-1.285889634373234,-0.20532574652971655,-0.4815083315847065,0.617218168392815,0.49519977418530425,0
0.07745315308499195,-0.7045871501214875,0.047747705011256684,-0.9204695902356723,1.7499359963870962,-1.4394392550431818,0.6879515784227964,-0.511001190988796,-0.1326690974527711,-0.8361346548369081,0.0930537953006324,0
2.2180846795803832,-0.5934547941451886,0.03198266760958567,2.973172758099308,0.003542201712720167,-0.9157902695652306,-1.0494933235629882,2.7310939723884244,0.7039662513252583,-1.8094812493187105,0.09477670871891018,0
2.8913715865471383,1.864990934214055,-0.9304997812021091,-0.7631051920361213,0.5477669131285691,0.3394896419271089,-1.9121326967931709,-1.4686953649270633,-1.3563216537684972,0.057437908586405316,0.7379049216754499,0
0.9092659704594386,0.905177935085048,-1.2142342300215538,-0.47588088732434564,-0.12040812261760696,-1.1323757363759905,1.7460083456740327,-0.34179559201020526,-0.26018833298554056,0.3063840382574224,0.0027206601611338855,0
2.3600240831429558,-2.410563326024639,-1.0711804977550778,1.6383800625526492,-0.5996786808488764,0.11092641375627138,-1.1853562155736899,-0.2956666047346998,-0.28376558650204536,-0.08226805884204465,0.19830202903967104,0
2.6869455976050216,-0.6248587727137506,-0.4063917524781626,-0.5113880773927606,-0.2631924943199572,-0.43424586632503437,0.5022099391238221,-1.188486455541714,0.4495103701231869,-0.33715551457288234,2.131151363138348,0
1.7691272849579742,-0.7981521013887442,1.281202516990909,0.6440905101038542,1.5797758600258758,0.2671931807766366,0.03911142563865154,-0.6989506613547498,-1.1509575605460745,1.0100650819782855,0.4951175003663188,0
2.5191009346587134,0.8729718018791796,-2.0183231010758687,-1.016111084101834,1.4385240982658984,1.068866359877685,0.7767018348118777,-0.9994680363853269,-1.208785085804726,-0.8683490426413655,-1.8293527843555037,0
1.917024386598714,-0.25592565887097657,1.4387402188581055,0.6011241005179923,1.3455925203974601,-0.01620190827332381,-0.5382206383535135,-0.8486803991961364,-0.6623036019918859,1.0303064233698218,-0.5087168577657267,0
0.07883193738652268,-1.0461330420829298,-0.8435603665029556,0.9235995578046526,-0.2721061742559936,-0.6465788697289668,0.4941402843956676,2.0708493977094755,-0.17471875164382916,1.5517776520632753,-0.9200414468914092,0
2.2835281731868617,0.6372648919420647,-2.126369254612684,0.28060079331074556,1.7186521545228282,0.1655555181898539,-0.281189187042168,0.6494815432095692,-0.6691633635021204,-1.8551502259327355,0.8987251992559736,0
2.371306062270313,-2.1022088507191885,-0.5739422469925194,0.7443155716493437,1.3464669130776328,0.3787232761672856,0.5669015578095308,-1.1614119043249127,-0.07081831107543077,0.3503893743002801,0.0005875258388164386,0
0.08029116647869781,0.44074084908985117,0.5986376846837501,-0.43725591701941635,-0.46230336792451476,-0.8477448095056701,0.3844475591388003,-0.12136565892107747,-2.1696607321544152,0.53266417118068,0.34913560281548434,0
